{
  "config": {
    "interneuron_types": [
      "control",
      "pv",
      "vip",
      "sst",
      "ndnf"
    ],
    "input_value_range": [
      2.0,
      2.0
    ],
    "initial_direct_weight_range": [
      0.3,
      0.5
    ],
    "target_change_range": [
      0.1,
      0.2
    ],
    "y_scale_range": [
      0.5,
      1.5
    ],
    "n_seeds": 6,
    "group": "ablation",
    "wandb_mode": "disabled",
    "n_parallel": 10
  },
  "interneuron_results": {
    "control": {
      "seed": [
        1,
        2,
        3,
        4,
        5,
        6
      ],
      "input_value": [
        2.0,
        2.0,
        2.0,
        2.0,
        2.0,
        2.0
      ],
      "initial_direct_weight": [
        0.49009273926518704,
        0.35969822868282464,
        0.34736210131921996,
        0.4022655105628723,
        0.46158815794729874,
        0.3686541739626677
      ],
      "target_change": [
        0.11441596127196338,
        0.18142257405942805,
        0.1801274465206397,
        0.19762437057077042,
        0.1515325561042142,
        0.13690672397953785
      ],
      "y_scale": [
        1.4486494471372438,
        0.5919159421350969,
        1.0821620360643678,
        0.5808360238956022,
        0.7858013800881416,
        0.8744967655878824
      ],
      "initial_output": [
        0.620128,
        0.589188,
        0.586263,
        0.599306,
        0.613395,
        0.591315
      ],
      "new_target_value": [
        0.734544,
        0.770611,
        0.76639,
        0.796931,
        0.764928,
        0.728222
      ],
      "w_direct_initial": [
        0.49009272,
        0.35969824,
        0.3473621,
        0.40226552,
        0.46158814,
        0.36865416
      ],
      "w_direct_final": [
        0.78032327,
        0.78707558,
        0.81331778,
        0.87408561,
        0.84692693,
        0.69266254
      ],
      "w_direct_diff": [
        0.29023054,
        0.42737734,
        0.46595567,
        0.47182009,
        0.38533878,
        0.32400838
      ],
      "w_initial": [
        -0.00990728,
        -0.14030176,
        -0.1526379,
        -0.09773448,
        -0.03841186,
        -0.13134584
      ],
      "w_final": [
        0.57055378,
        0.71445292,
        0.77927339,
        0.84590572,
        0.73226571,
        0.51667088
      ],
      "w_diff": [
        0.58046103,
        0.85475469,
        0.93191129,
        0.94364023,
        0.77067757,
        0.64801669
      ],
      "event_rate_initial": [
        0.49504653,
        0.43030581,
        0.42426828,
        0.45128775,
        0.48080352,
        0.43470213
      ],
      "event_rate_final": [
        0.75788289,
        0.80673081,
        0.8261447,
        0.84446222,
        0.81222481,
        0.73756325
      ],
      "event_rate_diff": [
        0.26283637,
        0.376425,
        0.40187642,
        0.39317447,
        0.33142129,
        0.30286112
      ],
      "p_t_initial": [
        0.51970583,
        0.51480347,
        0.52719444,
        0.51512057,
        0.5146566,
        0.51634985
      ],
      "p_t_final": [
        0.50002807,
        0.50038373,
        0.50022477,
        0.50049537,
        0.50027955,
        0.5000971
      ],
      "p_t_diff": [
        -0.01967776,
        -0.01441973,
        -0.02696967,
        -0.01462519,
        -0.01437706,
        -0.01625276
      ]
    },
    "pv": {
      "seed": [
        1,
        2,
        3,
        4,
        5,
        6
      ],
      "input_value": [
        2.0,
        2.0,
        2.0,
        2.0,
        2.0,
        2.0
      ],
      "initial_direct_weight": [
        0.49009273926518704,
        0.35969822868282464,
        0.34736210131921996,
        0.4022655105628723,
        0.46158815794729874,
        0.3686541739626677
      ],
      "target_change": [
        0.11441596127196338,
        0.18142257405942805,
        0.1801274465206397,
        0.19762437057077042,
        0.1515325561042142,
        0.13690672397953785
      ],
      "y_scale": [
        1.4486494471372438,
        0.5919159421350969,
        1.0821620360643678,
        0.5808360238956022,
        0.7858013800881416,
        0.8744967655878824
      ],
      "initial_output": [
        0.620128,
        0.589188,
        0.586263,
        0.599306,
        0.613395,
        0.591315
      ],
      "new_target_value": [
        0.734544,
        0.770611,
        0.76639,
        0.796931,
        0.764928,
        0.728222
      ],
      "w_direct_initial": [
        0.49009272,
        0.35969824,
        0.3473621,
        0.40226552,
        0.46158814,
        0.36865416
      ],
      "w_direct_final": [
        0.56561291,
        0.6493327,
        0.71366012,
        0.75332522,
        0.68716395,
        0.50197697
      ],
      "w_direct_diff": [
        0.07552019,
        0.28963447,
        0.36629802,
        0.35105971,
        0.2255758,
        0.13332281
      ],
      "w_initial": [
        0.49009272,
        0.35969824,
        0.3473621,
        0.40226552,
        0.46158814,
        0.36865416
      ],
      "w_final": [
        0.56561291,
        0.6493327,
        0.71366012,
        0.75332522,
        0.68716395,
        0.50197697
      ],
      "w_diff": [
        0.07552019,
        0.28963447,
        0.36629802,
        0.35105971,
        0.2255758,
        0.13332281
      ],
      "event_rate_initial": [
        0.72714502,
        0.67247409,
        0.66701698,
        0.69094288,
        0.71568888,
        0.67640698
      ],
      "event_rate_final": [
        0.75606501,
        0.78561026,
        0.80648339,
        0.81856424,
        0.79807854,
        0.73183525
      ],
      "event_rate_diff": [
        0.02891999,
        0.11313617,
        0.1394664,
        0.12762135,
        0.08238965,
        0.05542827
      ],
      "p_t_initial": [
        0.50099707,
        0.5028975,
        0.50526267,
        0.50333476,
        0.50215501,
        0.5016048
      ],
      "p_t_final": [
        0.50007772,
        0.50062603,
        0.50053924,
        0.5007754,
        0.5004617,
        0.50020695
      ],
      "p_t_diff": [
        -0.00091934,
        -0.00227147,
        -0.00472343,
        -0.00255936,
        -0.00169331,
        -0.00139785
      ]
    },
    "vip": {
      "seed": [
        1,
        2,
        3,
        4,
        5,
        6
      ],
      "input_value": [
        2.0,
        2.0,
        2.0,
        2.0,
        2.0,
        2.0
      ],
      "initial_direct_weight": [
        0.49009273926518704,
        0.35969822868282464,
        0.34736210131921996,
        0.4022655105628723,
        0.46158815794729874,
        0.3686541739626677
      ],
      "target_change": [
        0.11441596127196338,
        0.18142257405942805,
        0.1801274465206397,
        0.19762437057077042,
        0.1515325561042142,
        0.13690672397953785
      ],
      "y_scale": [
        1.4486494471372438,
        0.5919159421350969,
        1.0821620360643678,
        0.5808360238956022,
        0.7858013800881416,
        0.8744967655878824
      ],
      "initial_output": [
        0.620128,
        0.589188,
        0.586263,
        0.599306,
        0.613395,
        0.591315
      ],
      "new_target_value": [
        0.734544,
        0.770611,
        0.76639,
        0.796931,
        0.764928,
        0.728222
      ],
      "w_direct_initial": [
        0.49009272,
        0.35969824,
        0.3473621,
        0.40226552,
        0.46158814,
        0.36865416
      ],
      "w_direct_final": [
        0.0959595,
        0.15481871,
        0.03952894,
        0.19462913,
        0.19352001,
        0.09588188
      ],
      "w_direct_diff": [
        -0.39413321,
        -0.20487952,
        -0.30783316,
        -0.20763639,
        -0.26806813,
        -0.27277228
      ],