{
  "config": {
    "interneuron_types": [
      "control",
      "pv",
      "vip",
      "sst",
      "ndnf"
    ],
    "input_value_range": [
      2.0,
      2.0
    ],
    "initial_direct_weight_range": [
      0.3,
      0.5
    ],
    "target_change_range": [
      0.2,
      0.4
    ],
    "y_scale_range": [
      0.5,
      1.5
    ],
    "n_seeds": 6,
    "group": "ablation",
    "wandb_mode": "disabled",
    "n_parallel": 10
  },
  "interneuron_results": {
    "control": {
      "seed": [
        1,
        2,
        3,
        4,
        5,
        6
      ],
      "input_value": [
        2.0,
        2.0,
        2.0,
        2.0,
        2.0,
        2.0
      ],
      "initial_direct_weight": [
        0.49009273926518704,
        0.35969822868282464,
        0.34736210131921996,
        0.4022655105628723,
        0.46158815794729874,
        0.3686541739626677
      ],
      "target_change": [
        0.22883192254392676,
        0.3628451481188561,
        0.3602548930412794,
        0.39524874114154085,
        0.3030651122084284,
        0.2738134479590757
      ],
      "y_scale": [
        1.4486494471372438,
        0.5919159421350969,
        1.0821620360643678,
        0.5808360238956022,
        0.7858013800881416,
        0.8744967655878824
      ],
      "initial_output": [
        0.507531,
        0.483729,
        0.481647,
        0.491142,
        0.502054,
        0.48526
      ],
      "new_target_value": [
        0.736363,
        0.846575,
        0.841902,
        0.886391,
        0.805119,
        0.759073
      ],
      "w_direct_initial": [
        0.49009272,
        0.35969824,
        0.3473621,
        0.40226552,
        0.46158814,
        0.36865416
      ],
      "w_direct_final": [
        1.03603435,
        1.19988966,
        1.29652548,
        1.29272139,
        1.20479608,
        1.03283834
      ],
      "w_direct_diff": [
        0.54594159,
        0.84019142,
        0.94916338,
        0.89045584,
        0.74320793,
        0.66418421
      ],
      "w_initial": [
        -0.50990725,
        -0.64030176,
        -0.6526379,
        -0.59773445,
        -0.53841186,
        -0.63134587
      ],
      "w_final": [
        0.5819757,
        1.04008162,
        1.24568844,
        1.18317688,
        0.94800419,
        0.69702238
      ],
      "w_diff": [
        1.09188294,
        1.68038344,
        1.8983264,
        1.78091133,
        1.4864161,
        1.32836819
      ],
      "event_rate_initial": [
        0.26506355,
        0.2174475,
        0.21327844,
        0.23228225,
        0.25410756,
        0.22051089
      ],
      "event_rate_final": [
        0.76204997,
        0.88896012,
        0.92353511,
        0.91422534,
        0.86943907,
        0.80123717
      ],
      "event_rate_diff": [
        0.49698642,
        0.6715126,
        0.7102567,
        0.68194306,
        0.61533153,
        0.58072627
      ],
      "p_t_initial": [
        0.56059432,
        0.54187512,
        0.57598019,
        0.5439347,
        0.54429126,
        0.54648679
      ],
      "p_t_final": [
        0.50004095,
        0.50072795,
        0.50065863,
        0.50079614,
        0.5005362,
        0.50027549
      ],
      "p_t_diff": [
        -0.06055337,
        -0.04114717,
        -0.07532156,
        -0.04313856,
        -0.04375505,
        -0.0462113
      ]
    },
    "pv": {
      "seed": [
        1,
        2,
        3,
        4,
        5,
        6
      ],
      "input_value": [
        2.0,
        2.0,
        2.0,
        2.0,
        2.0,
        2.0
      ],
      "initial_direct_weight": [
        0.49009273926518704,
        0.35969822868282464,
        0.34736210131921996,
        0.4022655105628723,
        0.46158815794729874,
        0.3686541739626677
      ],
      "target_change": [
        0.22883192254392676,
        0.3628451481188561,
        0.3602548930412794,
        0.39524874114154085,
        0.3030651122084284,
        0.2738134479590757
      ],
      "y_scale": [
        1.4486494471372438,
        0.5919159421350969,
        1.0821620360643678,
        0.5808360238956022,
        0.7858013800881416,
        0.8744967655878824
      ],
      "initial_output": [
        0.507531,
        0.483729,
        0.481647,
        0.491142,
        0.502054,
        0.48526
      ],
      "new_target_value": [
        0.736363,
        0.846575,
        0.841902,
        0.886391,
        0.805119,
        0.759073
      ],
      "w_direct_initial": [
        0.49009272,
        0.35969824,
        0.3473621,
        0.40226552,
        0.46158814,
        0.36865416
      ],
      "w_direct_final": [
        0.57676214,
        0.90765762,
        1.06714261,
        1.02194226,
        0.85851949,
        0.65350211
      ],
      "w_direct_diff": [
        0.08666942,
        0.54795939,
        0.7197805,
        0.61967671,
        0.39693135,
        0.28484794
      ],
      "w_initial": [
        0.49009272,
        0.35969824,
        0.3473621,
        0.40226552,
        0.46158814,
        0.36865416
      ],
      "w_final": [
        0.57676214,
        0.90765762,
        1.06714261,
        1.02194226,
        0.85851949,
        0.65350211
      ],
      "w_diff": [
        0.08666942,
        0.54795939,
        0.7197805,
        0.61967671,
        0.39693135,
        0.28484794
      ],
      "event_rate_initial": [
        0.72714502,
        0.67247409,
        0.66701698,
        0.69094288,
        0.71568888,
        0.67640698
      ],
      "event_rate_final": [
        0.76015407,
        0.86000305,
        0.89419109,
        0.88532823,
        0.84774703,
        0.78701138
      ],
      "event_rate_diff": [
        0.03300905,
        0.18752897,
        0.2271741,
        0.19438535,
        0.13205814,
        0.11060441
      ],
      "p_t_initial": [
        0.50114143,
        0.50599283,
        0.5110054,
        0.50665969,
        0.50397551,
        0.50343406
      ],
      "p_t_final": [
        0.50009143,
        0.50109297,
        0.50113279,
        0.50120968,
        0.5008027,
        0.50048894
      ],
      "p_t_diff": [
        -0.00105,
        -0.00489986,
        -0.00987262,
        -0.00545001,
        -0.00317281,
        -0.00294513
      ]
    },
    "vip": {
      "seed": [
        1,
        2,
        3,
        4,
        5,
        6
      ],
      "input_value": [
        2.0,
        2.0,
        2.0,
        2.0,
        2.0,
        2.0
      ],
      "initial_direct_weight": [
        0.49009273926518704,
        0.35969822868282464,
        0.34736210131921996,
        0.4022655105628723,
        0.46158815794729874,
        0.3686541739626677
      ],
      "target_change": [
        0.22883192254392676,
        0.3628451481188561,
        0.3602548930412794,
        0.39524874114154085,
        0.3030651122084284,
        0.2738134479590757
      ],
      "y_scale": [
        1.4486494471372438,
        0.5919159421350969,
        1.0821620360643678,
        0.5808360238956022,
        0.7858013800881416,
        0.8744967655878824
      ],
      "initial_output": [
        0.507531,
        0.483729,
        0.481647,
        0.491142,
        0.502054,
        0.48526
      ],
      "new_target_value": [
        0.736363,
        0.846575,
        0.841902,
        0.886391,
        0.805119,
        0.759073
      ],
      "w_direct_initial": [
        0.49009272,
        0.35969824,
        0.3473621,
        0.40226552,
        0.46158814,
        0.36865416
      ],
      "w_direct_final": [
        0.0,
        0.0,
        0.0,
        0.0,
        0.0,
        0.0
      ],
      "w_direct_diff": [
        -0.49009272,
        -0.35969824,
        -0.3473621,
        -0.40226552,
        -0.46158814,
        -0.36865416
      ],